file,publishTime,policy_name,state,incident_started_at,incident_id_tail
t1_msgs.jsonl,2026-10-09T03:08:22.971Z,SA key created,open,1791515302,4lvktl
t1_msgs.jsonl,2026-10-09T03:08:22.956Z,t1: key_create,open,1791515302,4lvkt8
t1_msgs.jsonl,2026-10-09T03:08:22.944Z,Public grant (allUsers/allAuthenticatedUsers),open,1791515302,4lvkt1
t1_msgs.jsonl,2026-10-09T03:08:22.965Z,Cloud Run invoker IAM check disabled,open,1791510342,ia7jmr
t1b_msgs.jsonl,2026-10-09T03:19:39.914Z,t1: public_run,open,1791515979,2l6vb6
t1b_msgs.jsonl,2026-10-09T03:19:39.992Z,t1: public_gcs,open,1791515979,2l6vbd
t1b_msgs.jsonl,2026-10-09T03:19:39.954Z,Public grant (allUsers/allAuthenticatedUsers),open,1791515302,4lvkt1
t1b_msgs.jsonl,2026-10-09T03:19:39.982Z,t1: invoker_disabled,open,1791515979,2l6vat
t1b_msgs.jsonl,2026-10-09T03:19:39.937Z,Cloud Run invoker IAM check disabled,open,1791510342,ia7jmr
t2_msgs.jsonl,2026-10-09T03:38:36.014Z,t2: public_gcs,open,1791517115,fd6g5h
t2_msgs.jsonl,2026-10-09T03:38:36.067Z,t3: key_create,open,1791517115,fd6g6l
t2_msgs.jsonl,2026-10-09T03:38:36.115Z,t3: public_gcs,open,1791517115,fd6g53
t2_msgs.jsonl,2026-10-09T03:38:36.031Z,Cloud Run invoker IAM check disabled,open,1791510342,ia7jmr
t2_msgs.jsonl,2026-10-09T03:38:36.037Z,t1: public_run,open,1791515979,2l6vb6
t2_msgs.jsonl,2026-10-09T03:38:36.125Z,t2: public_run,open,1791517115,fd6g6e
t2_msgs.jsonl,2026-10-09T03:38:36.030Z,t2: invoker_disabled,open,1791517115,fd6g5o
t2_msgs.jsonl,2026-10-09T03:38:36.108Z,t1: invoker_disabled,open,1791515979,2l6vat
t2_msgs.jsonl,2026-10-09T03:38:36.132Z,t2: key_create,open,1791517115,fd6g61
t2_msgs.jsonl,2026-10-09T03:38:36.018Z,t3: public_run,open,1791517115,fd6g4w
t4_msgs.jsonl,2026-10-09T04:09:02.905Z,SA key created,open,1791515302,4lvktl
t4_msgs.jsonl,2026-10-09T04:09:02.902Z,t4: public_run,open,1791518942,mqdidi
t4_msgs.jsonl,2026-10-09T04:09:02.833Z,t4: public_gcs,open,1791518942,mqdicz
t4_msgs.jsonl,2026-10-09T04:09:02.910Z,Public grant (allUsers/allAuthenticatedUsers),open,1791515302,4lvkt1
t4_msgs.jsonl,2026-10-09T04:09:02.828Z,t4: key_create,open,1791518942,mqdidp
t4_msgs.jsonl,2026-10-09T04:09:02.876Z,Cloud Run invoker IAM check disabled,open,1791510342,ia7jmr
t4_msgs.jsonl,2026-10-09T04:09:02.876Z,t4: invoker_disabled,open,1791518942,mqdie2
