trial,event,epoch,detail
1,key_create,1791506843,
1,public_grant,1791506845,
2,key_create,1791507792,
2,public_grant,1791507794,
3,key_create,1791510297,
3,public_grant,1791510300,
3,invoker_check_disabled(armor),1791510302,
4,key_create,1791512501,
4,public_grant,1791512503,
4,invoker_check_disabled,1791512508,
4,alert_received,1791512538,key_create|open|latency_s=37.3
4,alert_received,1791512538,public_grant|open|latency_s=35.3
4,alert_received,1791512538,invoker_check_disabled|open|latency_s=30.4
5,key_create,1791512992,
5,public_grant,1791512994,
5,invoker_check_disabled,1791512999,
5,alert_received,1791513022,key_create|?
5,alert_received,1791513022,public_grant|?
5,alert_received,1791513022,invoker_check_disabled|open
