trial,event,audit_ts,incident_started,publish_ts,latency_s,state
1,key_create,1791515237.398228,1791515302,1791515302.956,65.6,open
1,public_run,1791515939.144272,1791515979,1791515979.914,40.8,open
1,public_gcs,1791515941.135073,1791515979,1791515979.992,38.9,open
1,invoker_disabled,1791515945.250594,1791515979,1791515979.982,34.7,open
2,key_create,1791517043.802213,1791517115,1791517116.132,72.3,open
2,public_run,1791517045.254461,1791517115,1791517116.125,70.9,open
2,public_gcs,1791517047.13227,1791517115,1791517116.014,68.9,open
2,invoker_disabled,1791517051.450578,1791517115,1791517116.03,64.6,open
4,key_create,1791518884.954916,1791518942,1791518942.828,57.9,open
4,public_run,1791518887.148826,1791518942,1791518942.902,55.8,open
4,public_gcs,1791518889.178738,1791518942,1791518942.833,53.7,open
4,invoker_disabled,1791518893.455727,1791518942,1791518942.876,49.4,open
