file,timestamp,methodName,event
t1_audit.json,2026-10-09T03:19:05.250594Z,google.cloud.run.v1.Services.ReplaceService,invoker_disabled
t1_audit.json,2026-10-09T03:19:02.849854Z,google.cloud.run.v1.Services.ReplaceService,run_update_other
t1_audit.json,2026-10-09T03:19:01.927385493Z,storage.setIamPermissions,gcs_iam_other
t1_audit.json,2026-10-09T03:19:01.135073912Z,storage.setIamPermissions,public_gcs
t1_audit.json,2026-10-09T03:19:00.250584Z,google.cloud.run.v1.Services.SetIamPolicy,run_iam_other
t1_audit.json,2026-10-09T03:18:59.144272Z,google.cloud.run.v1.Services.SetIamPolicy,public_run
t1_audit.json,2026-10-09T03:07:25.754825Z,google.cloud.run.v1.Services.ReplaceService,invoker_disabled
t1_audit.json,2026-10-09T03:07:23.139958Z,google.cloud.run.v1.Services.ReplaceService,run_update_other
t1_audit.json,2026-10-09T03:07:22.330471732Z,storage.setIamPermissions,gcs_iam_other
t1_audit.json,2026-10-09T03:07:21.442805990Z,storage.setIamPermissions,public_gcs
t1_audit.json,2026-10-09T03:07:20.539406Z,google.cloud.run.v1.Services.SetIamPolicy,run_iam_other
t1_audit.json,2026-10-09T03:07:19.556648Z,google.cloud.run.v1.Services.SetIamPolicy,public_run
t1_audit.json,2026-10-09T03:07:17.398228148Z,google.iam.admin.v1.CreateServiceAccountKey,key_create
t2_audit.json,2026-10-09T03:37:31.450578Z,google.cloud.run.v1.Services.ReplaceService,invoker_disabled
t2_audit.json,2026-10-09T03:37:28.879886Z,google.cloud.run.v1.Services.ReplaceService,run_update_other
t2_audit.json,2026-10-09T03:37:28.035324187Z,storage.setIamPermissions,gcs_iam_other
t2_audit.json,2026-10-09T03:37:27.132270416Z,storage.setIamPermissions,public_gcs
t2_audit.json,2026-10-09T03:37:26.346015Z,google.cloud.run.v1.Services.SetIamPolicy,run_iam_other
t2_audit.json,2026-10-09T03:37:25.254461Z,google.cloud.run.v1.Services.SetIamPolicy,public_run
t2_audit.json,2026-10-09T03:37:23.802213008Z,google.iam.admin.v1.CreateServiceAccountKey,key_create
t4_audit.json,2026-10-09T04:08:13.455727Z,google.cloud.run.v1.Services.ReplaceService,invoker_disabled
t4_audit.json,2026-10-09T04:08:10.941273Z,google.cloud.run.v1.Services.ReplaceService,run_update_other
t4_audit.json,2026-10-09T04:08:10.129971538Z,storage.setIamPermissions,gcs_iam_other
t4_audit.json,2026-10-09T04:08:09.178738713Z,storage.setIamPermissions,public_gcs
t4_audit.json,2026-10-09T04:08:08.155063Z,google.cloud.run.v1.Services.SetIamPolicy,run_iam_other
t4_audit.json,2026-10-09T04:08:07.148826Z,google.cloud.run.v1.Services.SetIamPolicy,public_run
t4_audit.json,2026-10-09T04:08:04.954916580Z,google.iam.admin.v1.CreateServiceAccountKey,key_create
