req,voice,style,take,sent,status,wa,prev,prev_mora,diff,wa_ms,slope
27,ja-jp-concierge-3,OJ,1,1,ok,17.829140536818855,23.900175249896982,n,-6.071034713078127,100,-3.6743023605730456
27,ja-jp-concierge-3,OJ,1,2,ok,13.801871211099478,20.901867621428146,ta,-7.099996410328668,100,10.61634335447369
27,ja-jp-concierge-3,OJ,1,3,ok,18.122617405901842,25.211433082763406,su,-7.088815676861564,80,9.664287067697387
27,ja-jp-concierge-3,OJ,1,4,ok,17.130801197169905,22.56063453057145,su,-5.429833333401543,80,11.079564278272548
27,ja-jp-concierge-3,OJ,1,5,ok,15.811535539538784,21.366555486225582,su,-5.555019946686798,100,27.831934429000626
27,ja-jp-concierge-3,OJ,1,6,ok,15.90725545414011,17.808351808015466,ta,-1.9010963538753565,80,85.59502814010578
27,ja-jp-concierge-3,OJ,1,7,ok,17.13290079523325,19.5593598893798,su,-2.426459094146548,100,31.217331405251272
27,ja-jp-concierge-3,OJ,1,8,ok,17.688648696176422,20.326968436618362,ta,-2.63831974044194,100,1.0257082950821073
27,ja-jp-concierge-3,OJ,1,9,ok,14.931878376350637,16.03464834610671,su,-1.102769969756073,100,37.40515567299315
27,ja-jp-concierge-3,OJ,1,10,ok,17.243872696834178,19.917317880495638,su,-2.6734451836614603,80,58.598719613569976
28,ja-jp-concierge-3,OJ,2,1,ok,19.554982009078905,26.283713293329704,n,-6.728731284250799,100,-2.107407174324369
28,ja-jp-concierge-3,OJ,2,2,ok,16.31807771568865,23.070331238161444,ta,-6.752253522472795,80,48.08770106933391
28,ja-jp-concierge-3,OJ,2,3,ok,21.472543042111045,21.596147550310878,su,-0.12360450819983271,80,62.33785314533371
28,ja-jp-concierge-3,OJ,2,4,ok,20.02055706141143,22.396895012539257,su,-2.3763379511278266,100,34.59000736748908
28,ja-jp-concierge-3,OJ,2,5,ok,20.043767605248025,15.909930904772805,su,4.13383670047522,100,60.39239700554329
28,ja-jp-concierge-3,OJ,2,6,ok,15.384329394956328,12.910027832510856,ta,2.474301562445472,80,126.2825174633224
28,ja-jp-concierge-3,OJ,2,7,ok,19.0223231312487,18.039563426255157,su,0.9827597049935441,60,81.87833268922118
28,ja-jp-concierge-3,OJ,2,8,ok,19.900890856697984,21.2176816327559,ta,-1.3167907760579176,100,24.892282466833926
28,ja-jp-concierge-3,OJ,2,9,ok,17.147722243702077,16.484952956431325,su,0.662769287270752,80,33.888102875113084
28,ja-jp-concierge-3,OJ,2,10,ok,18.327586655714253,16.201760230195575,su,2.125826425518678,60,100.76547540773234
29,ja-jp-concierge-3,KF,1,1,ok,10.954311332301257,17.828652830249418,n,-6.87434149794816,120,57.255205598697835
29,ja-jp-concierge-3,KF,1,2,ok,16.05288132248745,11.115995573441094,ta,4.936885749046358,80,81.21272686718623
29,ja-jp-concierge-3,KF,1,3,ok,18.20454877254208,23.09979214485702,su,-4.8952433723149404,80,-64.2419229645828
29,ja-jp-concierge-3,KF,1,4,ok,14.3211094922845,18.4467168616377,su,-4.125607369353201,100,-33.97712201838246
29,ja-jp-concierge-3,KF,1,5,ok,13.117434482331486,15.850790710680869,su,-2.7333562283493826,80,-28.658507981271278
29,ja-jp-concierge-3,KF,1,6,ok,18.5887044431359,13.214997380059744,ta,5.373707063076155,60,62.28334840297605
29,ja-jp-concierge-3,KF,1,7,ok,12.213777304293263,21.17950168615605,su,-8.965724381862788,100,-76.0609024744301
29,ja-jp-concierge-3,KF,1,8,ok,14.473268135203817,15.654724810467258,ta,-1.1814566752634406,100,-7.6637314512214525
29,ja-jp-concierge-3,KF,1,9,ok,13.497568175430956,14.19071852562896,su,-0.6931503501980032,100,-14.531652333933856
29,ja-jp-concierge-3,KF,1,10,ok,9.191141950332742,11.753746830050478,su,-2.5626048797177354,60,-3.716706179162559
30,ja-jp-concierge-3,KF,2,1,ok,11.40870089923935,14.378750275098488,n,-2.970049375859139,100,12.052033053188378
30,ja-jp-concierge-3,KF,2,2,ok,11.56212893105549,12.596113145170884,ta,-1.033984214115394,60,43.691051652649485
30,ja-jp-concierge-3,KF,2,3,ok,8.855156953768354,16.174587774608284,su,-7.31943082083993,80,-34.61104424432292
30,ja-jp-concierge-3,KF,2,4,ok,11.474612117783144,17.938424639969895,su,-6.4638125221867515,60,-84.36872034084075
30,ja-jp-concierge-3,KF,2,5,ok,9.114003636441195,13.068411933296684,su,-3.9544082968554886,60,50.74597817434023
30,ja-jp-concierge-3,KF,2,6,ok,8.906272231057573,10.587425277480396,ta,-1.681153046422823,60,49.768092582207224
30,ja-jp-concierge-3,KF,2,7,ok,7.021022853289536,14.428053674857164,su,-7.407030821567628,80,-16.685422321069158
30,ja-jp-concierge-3,KF,2,8,ok,10.96377042231399,10.633971931793507,ta,0.32979849052048316,100,32.451542047816126
30,ja-jp-concierge-3,KF,2,9,ok,8.018353650738627,9.473973037909472,su,-1.4556193871708452,80,3.039442268997819
30,ja-jp-concierge-3,KF,2,10,ok,9.006080691520863,13.913414533520633,su,-4.907333841999771,80,11.21683363460629
31,ja-jp-concierge-3,N,1,1,ok,13.59733950493855,18.698826565572446,n,-5.101487060633897,80,17.905300498029824
31,ja-jp-concierge-3,N,1,2,ok,11.306816411848867,19.869122676942876,ta,-8.562306265094008,100,52.093695925437295
31,ja-jp-concierge-3,N,1,3,ok,17.679413401570166,21.48323125244154,su,-3.8038178508713756,80,32.074686757642134
31,ja-jp-concierge-3,N,1,4,ok,20.985766641014017,23.438623341514802,su,-2.452856700500785,80,10.26233398068529
31,ja-jp-concierge-3,N,1,5,ok,12.115048453699899,17.24481340806991,su,-5.12976495437001,80,-0.4929584787026948
31,ja-jp-concierge-3,N,1,6,ok,19.315202441616286,22.061950941758106,ta,-2.7467485001418197,80,39.92563219749251
31,ja-jp-concierge-3,N,1,7,ok,14.873158494863036,17.423971821941347,su,-2.550813327078311,80,75.30887473537246
31,ja-jp-concierge-3,N,1,8,ok,16.47231962186917,15.704178269545444,ta,0.7681413523237239,80,43.445310317978674
31,ja-jp-concierge-3,N,1,9,ok,20.884254973188966,18.620257683774728,su,2.263997289414238,80,44.662220355240976
31,ja-jp-concierge-3,N,1,10,ok,17.465698258954177,17.218275608249705,su,0.2474226507044719,80,83.99311895137511
32,ja-jp-concierge-3,N,2,1,ok,12.987369730255413,12.079100010795054,n,0.9082697194603586,100,-79.81065681073845
32,ja-jp-concierge-3,N,2,2,ok,12.769067893841957,9.224888119737656,ta,3.5441797741043004,80,170.87374016726983
32,ja-jp-concierge-3,N,2,3,ok,14.095890755822987,11.527995818939154,su,2.5678949368838335,80,102.78191036121179
32,ja-jp-concierge-3,N,2,4,ok,21.445499919703728,17.758941290874247,su,3.6865586288294807,80,75.25798909404466
32,ja-jp-concierge-3,N,2,5,ok,19.021716821401434,15.850517955209625,su,3.1711988661918085,80,128.1738744499168
32,ja-jp-concierge-3,N,2,6,ok,19.342851530777637,17.581526654174,ta,1.7613248766036378,80,87.91532163231015
32,ja-jp-concierge-3,N,2,7,ok,14.093200102285873,18.50030357587825,su,-4.407103473592375,60,-153.930963543981
32,ja-jp-concierge-3,N,2,8,ok,14.685891329664177,14.31856911721935,ta,0.3673222124448259,80,73.29446591482049
32,ja-jp-concierge-3,N,2,9,ok,14.92887472461248,13.743317371002515,su,1.1855573536099655,60,70.35246870150293
32,ja-jp-concierge-3,N,2,10,ok,19.511762798825252,15.423820950777012,su,4.08794184804824,60,78.57904495357421
33,ja-jp-csagent-11,OJ,1,1,ok,13.911284417536926,18.34941113124014,n,-4.4381267137032125,120,37.73177311338669
33,ja-jp-csagent-11,OJ,1,2,ok,18.418837333159146,20.267627469388042,ta,-1.8487901362288959,80,32.82352399050798
33,ja-jp-csagent-11,OJ,1,3,ok,16.803614950943857,17.110903880982068,su,-0.30728893003821156,80,68.66359288353013
33,ja-jp-csagent-11,OJ,1,4,ok,18.771627788026038,24.23391103342918,su,-5.4622832454031425,100,-28.357186666286793
33,ja-jp-csagent-11,OJ,1,5,ok,13.247243637333415,14.737078657532194,su,-1.489835020198779,100,34.44724127532921
33,ja-jp-csagent-11,OJ,1,6,ok,15.271397841277693,15.117558923146298,ta,0.15383891813139527,80,119.85904874813014
33,ja-jp-csagent-11,OJ,1,7,ok,16.104877293354175,15.255770746834223,su,0.8491065465199519,80,95.35786609162207
33,ja-jp-csagent-11,OJ,1,8,ok,19.853321674586464,21.076250111249134,ta,-1.22292843666267,100,43.76508799791203
33,ja-jp-csagent-11,OJ,1,9,ok,15.67111643756709,14.284276198454437,su,1.3868402391126526,100,19.50014307752301
33,ja-jp-csagent-11,OJ,1,10,ok,19.363015311838648,20.262595197059603,su,-0.8995798852209553,80,31.293754611723802
34,ja-jp-csagent-11,OJ,2,1,ok,17.192455579726445,21.81829173707837,n,-4.625836157351923,100,16.86042309834695
34,ja-jp-csagent-11,OJ,2,2,ok,19.508617983846243,24.055921877467078,ta,-4.547303893620835,80,31.156849427851732
34,ja-jp-csagent-11,OJ,2,3,ok,19.738213767238626,18.241305830590402,su,1.496907936648224,80,26.36110507497327
34,ja-jp-csagent-11,OJ,2,4,ok,19.39744186690016,22.141861008029775,su,-2.7444191411296153,80,41.044856632348335
34,ja-jp-csagent-11,OJ,2,5,ok,14.667381003792908,17.0620301880411,su,-2.394649184248191,100,52.562172948104234
34,ja-jp-csagent-11,OJ,2,6,ok,16.198773923584458,21.563145105222965,ta,-5.364371181638507,100,45.22359510876853
34,ja-jp-csagent-11,OJ,2,7,ok,13.04888655689619,11.189838919673182,su,1.8590476372230071,100,77.7659664675247
34,ja-jp-csagent-11,OJ,2,8,ok,13.757302041935542,17.129344079672233,ta,-3.3720420377366906,100,10.299995839039111
34,ja-jp-csagent-11,OJ,2,9,ok,15.803086463912212,14.909987783082283,su,0.8930986808299295,80,47.74414556727738
34,ja-jp-csagent-11,OJ,2,10,ok,15.255482405717487,18.089355721921955,su,-2.8338733162044676,80,70.46315020961416
35,ja-jp-csagent-11,KF,1,1,ok,10.754995621557812,13.39542797381004,n,-2.640432352252228,80,-56.59624199888867
35,ja-jp-csagent-11,KF,1,2,unvoiced,nan,12.357158013655813,ta,nan,80,nan
35,ja-jp-csagent-11,KF,1,3,ok,15.875343519363227,18.260525267320507,su,-2.3851817479572794,80,-88.47615692388034
35,ja-jp-csagent-11,KF,1,4,ok,10.607162599235672,14.468310309955267,su,-3.861147710719596,60,-34.583015264986045
35,ja-jp-csagent-11,KF,1,5,ok,9.298717594484666,10.734207354132336,ma,-1.4354897596476697,60,-22.15948352367896
35,ja-jp-csagent-11,KF,1,6,unvoiced,nan,10.549399365873915,ta,nan,80,nan
35,ja-jp-csagent-11,KF,1,7,ok,9.38303155835124,13.827615124841227,su,-4.444583566489987,60,-18.144962575414816
35,ja-jp-csagent-11,KF,1,8,unvoiced,nan,11.421980614178445,ta,nan,60,nan
35,ja-jp-csagent-11,KF,1,9,ok,12.449205146539441,10.865833837425438,de,1.5833713091140034,60,289.26027212188194
35,ja-jp-csagent-11,KF,1,10,unvoiced,nan,11.30605857594406,ma,nan,60,nan
36,ja-jp-csagent-11,KF,2,1,ok,8.73856595525794,11.79176739560228,n,-3.05320144034434,120,-13.94675291072287
36,ja-jp-csagent-11,KF,2,2,ok,12.311239303542056,8.59857048451997,ta,3.7126688190220865,80,80.68706224383622
36,ja-jp-csagent-11,KF,2,3,ok,16.300886203174503,16.24297865953804,su,0.057907543636464,60,33.59565842548278
36,ja-jp-csagent-11,KF,2,4,ok,9.60843501895134,11.29430795728096,su,-1.68587293832962,80,-1.248184377851603
36,ja-jp-csagent-11,KF,2,5,ok,16.078232358744366,14.601718599570606,su,1.4765137591737592,80,57.1518267968445
36,ja-jp-csagent-11,KF,2,6,ok,19.790833379902317,10.661921342732434,ta,9.128912037169883,60,82.60551653793947
36,ja-jp-csagent-11,KF,2,7,unvoiced,nan,10.334913821954633,su,nan,60,nan
36,ja-jp-csagent-11,KF,2,8,ok,11.765016596653211,14.140453805615135,ta,-2.375437208961923,100,-10.036185242966233
36,ja-jp-csagent-11,KF,2,9,ok,14.720456155723888,13.967599606474828,su,0.75285654924906,100,9.980289998966189
36,ja-jp-csagent-11,KF,2,10,ok,15.176275916069823,13.432992822335734,su,1.7432830937340889,60,72.88894394078098
37,ja-jp-csagent-11,N,1,1,ok,11.086390339209506,10.784603363903107,n,0.3017869753063991,100,25.049908173821752
37,ja-jp-csagent-11,N,1,2,ok,8.20435050473803,13.093967544432017,ta,-4.889617039693986,80,-1.4694786520623129
37,ja-jp-csagent-11,N,1,3,ok,11.83733404729179,12.836534516409046,su,-0.9992004691172554,100,97.09439254180715
37,ja-jp-csagent-11,N,1,4,ok,9.664269193966021,15.401972120540787,su,-5.737702926574766,80,-6.4740065964281746
37,ja-jp-csagent-11,N,1,5,ok,11.17007866435599,11.57404470135936,su,-0.40396603700336975,80,70.91794782816716
37,ja-jp-csagent-11,N,1,6,ok,9.843305252009925,9.740129504447818,ta,0.10317574756210668,80,103.28170681489907
37,ja-jp-csagent-11,N,1,7,ok,9.267370371607196,12.412070968674026,su,-3.14470059706683,80,56.519466883602455
37,ja-jp-csagent-11,N,1,8,ok,17.434036422053868,17.779635436608494,ta,-0.34559901455462594,100,30.11830637153415
37,ja-jp-csagent-11,N,1,9,ok,12.46109271470025,14.158246154271248,su,-1.6971534395709984,100,-6.523649755099121
37,ja-jp-csagent-11,N,1,10,ok,12.395720338089378,15.003315821349444,ma,-2.6075954832600665,80,44.526494044980595
38,ja-jp-csagent-11,N,2,1,ok,8.696612008014702,10.428105629892684,n,-1.7314936218779824,80,29.097343800133952
38,ja-jp-csagent-11,N,2,2,ok,15.41696591083761,11.743964816557087,ta,3.6730010942805222,60,90.79997410346667
38,ja-jp-csagent-11,N,2,3,ok,11.777224039306828,14.960742905946125,su,-3.1835188666392966,120,52.55040734689713
38,ja-jp-csagent-11,N,2,4,ok,13.921591328752335,14.64379796691632,su,-0.7222066381639856,80,23.14619717677901
38,ja-jp-csagent-11,N,2,5,ok,12.697712930874921,11.561772942423236,su,1.1359399884516854,60,50.36228386437741
38,ja-jp-csagent-11,N,2,6,ok,10.962365918099088,11.61008102112736,ta,-0.647715103028272,80,27.579190856107996
38,ja-jp-csagent-11,N,2,7,ok,10.620250958591493,9.175621726086941,su,1.4446292325045516,80,53.68479110876828
38,ja-jp-csagent-11,N,2,8,ok,12.217782840955447,12.588880996102827,ta,-0.3710981551473793,80,62.27174788864967
38,ja-jp-csagent-11,N,2,9,ok,9.563453081266122,13.082063918241607,su,-3.518610836975485,80,-6.89421255980468
38,ja-jp-csagent-11,N,2,10,ok,12.533743993168923,10.28075724182384,su,2.252986751345082,80,69.09271903181711
