i,capture_ms,perceive_rtt_ms,eye_total_ms,server_ms,srv_decode,srv_player,srv_camera,srv_platform,srv_ground,srv_spikes,png_bytes,player
0,39.68,22.7,62.38,21.71,1.463,11.656,2.295,2.957,0.072,3.264,6798,1
1,27.48,22.64,50.11,21.69,1.468,11.677,2.265,2.988,0.055,3.237,6780,1
2,42.19,23,65.19,22.05,1.56,11.934,2.307,2.964,0.061,3.228,6824,1
3,19.93,22.69,42.62,21.79,1.597,11.673,2.313,2.904,0.067,3.233,6788,1
4,28.26,22.5,50.76,21.56,1.449,11.667,2.258,2.945,0.063,3.183,6823,1
5,40.36,22.83,63.19,21.85,1.529,11.901,2.284,2.892,0.053,3.19,6765,1
6,37.79,22.58,60.37,21.58,1.434,11.721,2.27,2.896,0.06,3.201,6829,1
7,30.16,23.11,53.27,22.16,1.55,12.155,2.285,2.891,0.062,3.213,6837,1
8,19.68,22.5,42.18,21.55,1.458,11.578,2.286,2.935,0.06,3.229,6767,1
9,37.32,22.82,60.15,21.92,1.487,11.779,2.29,2.968,0.058,3.335,6788,1
10,37.4,22.51,59.92,21.6,1.511,11.582,2.275,2.932,0.058,3.24,6777,1
11,37.62,22.96,60.58,21.99,1.554,12.061,2.232,2.909,0.059,3.174,6820,1
12,33.68,22.77,56.45,21.88,1.556,11.931,2.316,2.86,0.06,3.162,6782,1
13,28.25,22.43,50.68,21.52,1.454,11.532,2.281,2.941,0.057,3.258,6775,1
14,37.18,22.69,59.86,21.76,1.479,11.722,2.308,2.959,0.059,3.235,6774,1
15,30.05,22.78,52.83,21.83,1.444,11.915,2.258,2.919,0.055,3.235,6774,1
16,37.98,23.08,61.06,22.12,1.496,11.993,2.357,2.967,0.059,3.252,6764,1
17,30.32,22.77,53.1,21.78,1.539,11.869,2.269,2.89,0.056,3.153,6790,1
18,40.97,22.5,63.46,21.53,1.435,11.7,2.24,2.914,0.055,3.189,6780,1
19,39.85,22.98,62.83,22,1.525,12.023,2.301,2.922,0.062,3.166,6851,1
20,39.49,22.37,61.87,21.34,1.497,11.389,2.237,2.972,0.06,3.19,6758,1
21,30.42,22.73,53.15,21.78,1.528,11.659,2.337,2.96,0.069,3.225,6763,1
22,29.68,22.74,52.41,21.78,1.507,11.671,2.325,2.948,0.063,3.267,6853,1
23,29.69,22.96,52.65,21.93,1.525,11.968,2.327,2.898,0.06,3.154,6846,1
24,40.36,22.92,63.28,21.98,1.464,12.045,2.267,2.935,0.056,3.217,6763,1
25,22.83,22.65,45.48,21.64,1.485,11.64,2.306,2.943,0.065,3.199,6829,1
26,40.45,22.6,63.05,21.67,1.448,11.753,2.307,2.927,0.058,3.176,6848,1
27,53.45,22.07,75.52,21.15,1.478,11.357,2.32,2.804,0.002,3.187,8311,0
28,23.14,20.53,43.66,19.61,1.469,11.771,0.01,3.04,0.066,3.252,6834,1
29,20.51,22.95,43.46,21.98,1.513,11.847,2.315,2.986,0.071,3.246,6775,1
30,26.94,22.91,49.85,21.92,1.544,11.746,2.313,2.966,0.07,3.28,6840,1
31,40.78,22.47,63.25,21.54,1.462,11.603,2.282,2.953,0.063,3.175,6779,1
32,37.4,22.7,60.1,21.75,1.508,11.686,2.305,2.93,0.06,3.264,6770,1
33,52.59,23.65,76.24,22.67,1.618,12.345,2.331,2.995,0.063,3.314,6784,1
34,52.1,23.01,75.11,22.02,1.527,11.881,2.351,2.97,0.058,3.229,6781,1
35,20.34,22.85,43.19,21.92,1.471,11.869,2.313,2.956,0.061,3.252,6780,1
36,35.47,22.92,58.39,21.91,1.552,12.014,2.266,2.873,0.061,3.141,6817,1
37,41.14,22.54,63.68,21.58,1.531,11.549,2.276,2.947,0.064,3.217,6809,1
38,37.93,23.07,61,22.09,1.523,12.005,2.345,2.928,0.059,3.234,6758,1
39,23.07,22.65,45.72,21.69,1.443,11.645,2.271,3,0.061,3.266,6852,1
40,38.78,22.93,61.71,21.96,1.484,11.886,2.315,2.971,0.002,3.299,6857,0
41,40.05,20.84,60.89,19.86,1.527,11.9,0.013,3.069,0.068,3.287,6795,1
42,21.2,22.78,43.98,21.81,1.472,11.791,2.318,2.932,0.064,3.231,6809,1
43,22.06,22.83,44.9,21.86,1.476,11.753,2.3,3.002,0.059,3.266,6758,1
44,40.86,23.06,63.92,22.07,1.56,11.977,2.307,2.952,0.059,3.212,6766,1
45,29.81,22.87,52.68,21.88,1.546,11.865,2.282,2.944,0.056,3.19,6764,1
46,53.54,22.8,76.34,21.8,1.482,11.743,2.308,2.966,0.068,3.238,6825,1
47,52.13,24.88,77.01,23.93,1.716,13.255,2.389,3.096,0.06,3.41,6849,1
48,29.21,22.59,51.8,21.63,1.462,11.625,2.262,2.982,0.059,3.239,6775,1
49,38.86,22.74,61.6,21.73,1.476,11.661,2.287,3.012,0.059,3.234,6781,1
50,40.74,23.77,64.51,22.8,1.565,12.083,2.43,3.175,0.064,3.486,6846,1
51,32.65,23.83,56.47,22.82,1.563,12.575,2.417,2.942,0.058,3.266,6778,1
52,33.25,23.82,57.07,22.83,1.586,12.278,2.42,3.103,0.066,3.377,6777,1
53,23.96,23.79,47.75,22.83,1.566,12.339,2.399,3.07,0.064,3.387,6802,1
54,39.41,23.9,63.31,22.88,1.582,12.375,2.402,3.099,0.002,3.42,8573,0
55,20.33,21.6,41.93,20.61,1.583,12.343,0.011,3.182,0.073,3.422,6787,1
56,22.55,23.81,46.36,22.8,1.568,12.173,2.462,3.101,0.077,3.418,6820,1
57,40.13,23.64,63.77,22.55,1.576,12.069,2.371,3.092,0.068,3.378,6830,1
58,38.16,24.18,62.33,23.2,1.597,12.513,2.423,3.144,0.059,3.462,6756,1
59,28.09,24.29,52.38,23.03,1.612,12.541,2.403,2.961,0.059,3.45,6776,1
60,36.66,23.59,60.25,22.62,1.567,12.446,2.414,2.938,0.052,3.204,6778,1
61,26.46,24.12,50.58,23.14,1.602,12.428,2.493,3.125,0.062,3.43,6761,1
62,36.5,24.06,60.56,23.01,1.571,12.452,2.437,3.064,0.063,3.427,6818,1
63,23.07,23.8,46.87,22.8,1.611,12.594,2.382,2.832,0.057,3.328,6843,1
64,27.95,24.26,52.21,23.31,1.797,12.508,2.465,3.091,0.002,3.443,8404,0
65,29.84,20.64,50.48,19.63,1.485,11.826,0.011,3.019,0.06,3.229,6777,1
66,24.3,22.85,47.14,21.87,1.553,11.787,2.364,2.9,0.073,3.189,6826,1
67,32.85,22.86,55.71,21.93,1.668,11.894,2.352,2.746,0.066,3.2,6807,1
68,42.16,22.65,64.81,21.7,1.469,11.793,2.189,2.98,0.065,3.199,6768,1
69,37.57,23.17,60.74,22.26,1.494,11.961,2.326,3.082,0.063,3.335,6765,1
70,28.71,23.31,52.03,22.3,1.525,12.177,2.361,2.936,0.063,3.238,6855,1
71,36.76,23.19,59.95,22.21,1.555,11.93,2.286,3.042,0.064,3.335,6853,1
72,32.59,23.11,55.7,22.12,1.578,12.002,2.355,2.945,0.062,3.175,6804,1
73,22.19,22.83,45.02,21.89,1.488,11.751,2.314,2.997,0.053,3.29,6764,1
74,27.26,23.18,50.44,22.23,1.485,12.101,2.389,2.979,0.002,3.276,8345,0
75,28.61,20.66,49.27,19.72,1.502,11.821,0.013,3.099,0.079,3.204,6808,1
76,29.25,23.11,52.37,22.09,1.542,11.753,2.319,3.066,0.065,3.349,6766,1
77,35.91,22.95,58.86,21.96,1.499,11.782,2.307,3.009,0.063,3.296,6778,1
78,22.96,23.13,46.09,22.16,1.551,11.956,2.335,2.944,0.058,3.316,6772,1
79,23.04,22.43,45.47,21.46,1.515,11.335,2.274,2.966,0.057,3.309,6792,1
80,20.59,22.84,43.44,21.81,1.476,11.677,2.332,2.995,0.06,3.275,6775,1
81,35.43,22.87,58.31,21.96,1.457,11.99,2.324,2.907,0.062,3.221,6856,1
82,52.98,23.09,76.08,22,1.533,11.861,2.309,2.968,0.066,3.26,6812,1
83,34.63,23.33,57.95,22.3,1.597,12.108,2.325,2.997,0.002,3.271,7687,0
84,24.44,20.76,45.2,19.77,1.553,11.781,0.012,3.021,0.062,3.337,6774,1
85,37.81,22.99,60.8,22.03,1.492,11.848,2.313,3.013,0.065,3.296,6837,1
86,27.64,23.4,51.04,22.39,1.556,12.16,2.423,2.982,0.058,3.209,6774,1
87,35.85,23.14,58.99,22.14,1.517,11.927,2.331,3.023,0.061,3.278,6772,1
88,23.28,23.16,46.44,22.1,1.494,11.88,2.292,3.068,0.062,3.308,6789,1
89,38.52,22.85,61.37,21.94,1.492,11.882,2.356,2.945,0.059,3.204,6759,1
90,38.14,23.32,61.46,22.35,1.576,12,2.379,3.02,0.062,3.314,6772,1
91,29.83,22.88,52.71,21.96,1.495,11.79,2.321,2.968,0.063,3.324,6843,1
92,30.1,23.16,53.26,22.2,1.534,12.004,2.344,2.983,0.073,3.259,6840,1
93,26.74,22.89,49.63,21.99,1.522,11.778,2.289,3.016,0.064,3.323,6865,1
94,39.96,22.96,62.93,22.06,1.636,11.765,2.313,3.019,0.002,3.323,7702,0
95,37.96,21.09,59.05,20.12,1.49,12.085,0.011,3.093,0.073,3.363,6761,1
96,25.15,23.23,48.38,22.24,1.512,11.925,2.314,3.082,0.058,3.35,6784,1
97,29.78,22.86,52.64,21.84,1.476,11.699,2.301,3.018,0.063,3.283,6829,1
98,36.26,23.75,60.02,22.7,1.592,12.248,2.427,3.068,0.06,3.304,6780,1
99,20.47,23.3,43.77,22.35,1.585,12.064,2.324,2.994,0.076,3.311,6863,1
100,44.28,23.23,67.51,22.21,1.554,12.055,2.319,2.963,0.069,3.253,6830,1
101,31.05,23,54.05,22.08,1.52,11.908,2.324,2.976,0.062,3.29,6755,1
102,30.99,22.97,53.96,22.06,1.542,11.812,2.312,3.013,0.057,3.321,6780,1
103,25.02,23,48.02,21.97,1.489,11.851,2.307,2.996,0.066,3.264,6854,1
104,23.01,23.01,46.02,22.09,1.516,11.916,2.311,2.962,0.063,3.32,6838,1
105,42.17,23.07,65.23,22.1,1.554,11.907,2.308,2.99,0.057,3.286,6775,1
106,19.84,22.92,42.76,21.89,1.534,11.638,2.324,3.023,0.06,3.306,6780,1
107,20.68,22.96,43.63,21.98,1.505,11.841,2.309,2.994,0.063,3.268,6855,1
108,23.96,23.37,47.33,22.38,1.544,12.068,2.364,3.038,0.073,3.293,6799,1
109,28.17,22.85,51.02,21.87,1.494,11.643,2.312,3.032,0.059,3.325,6852,1
110,38.37,23.26,61.64,22.3,1.508,12.212,2.338,2.979,0.003,3.258,8174,0
111,52.57,21.7,74.27,20.68,1.574,12.581,0.013,3.106,0.061,3.341,6755,1
112,22.09,22.75,44.84,21.77,1.504,11.619,2.333,3.01,0.056,3.252,6750,1
113,40.73,22.78,63.51,21.83,1.489,11.923,2.284,2.804,0.055,3.276,6760,1
114,40.91,23.12,64.03,22.2,1.687,11.814,2.314,3.02,0.061,3.308,6774,1
115,37.55,23.08,60.63,22.13,1.497,11.871,2.307,3.068,0.058,3.325,6773,1
116,38.65,23.02,61.68,22.02,1.491,11.718,2.287,3.078,0.059,3.382,6757,1
117,27.05,23.2,50.26,22.25,1.55,11.963,2.294,3.036,0.056,3.354,6741,1
118,30.38,23.11,53.49,22.14,1.532,12.028,2.357,2.937,0.061,3.223,6775,1
119,52.97,23.03,76,22.09,1.523,11.892,2.344,2.997,0.055,3.276,6777,1
120,30.57,23.18,53.75,22.15,1.477,12.022,2.274,3.009,0.058,3.311,6780,1
121,30.33,23.01,53.34,21.97,1.559,11.825,2.299,2.994,0.065,3.232,6779,1
122,41.03,22.89,63.92,21.95,1.482,11.726,2.328,3.06,0.06,3.289,6774,1
123,35.05,23.32,58.37,22.35,1.601,12.052,2.277,3.053,0.059,3.303,6782,1
124,26.72,23.26,49.98,22.28,1.517,11.985,2.312,3.076,0.059,3.336,6787,1
125,52.11,24.95,77.06,23.96,1.698,13.304,2.4,3.108,0.063,3.388,6776,1
126,25.34,22.81,48.15,21.91,1.485,11.708,2.298,3.012,0.056,3.354,6768,1
127,31.06,23.06,54.12,22.12,1.558,12.129,2.269,2.906,0.055,3.202,6768,1
128,40.37,23.08,63.45,22.17,1.545,12.062,2.289,2.956,0.055,3.267,6796,1
129,32.46,23,55.46,22.1,1.541,11.878,2.304,2.984,0.063,3.332,6848,1
130,20.73,22.79,43.52,21.86,1.53,11.651,2.329,3.002,0.063,3.28,6825,1
131,38.04,22.71,60.75,21.79,1.482,11.652,2.295,2.991,0.066,3.309,6760,1
132,28.38,22.86,51.24,21.87,1.479,11.705,2.322,3.007,0.058,3.302,6799,1
133,23.29,22.98,46.26,22.05,1.508,11.842,2.277,3.034,0.057,3.33,6803,1
134,28.05,22.91,50.96,21.98,1.551,11.778,2.295,3.025,0.066,3.264,6830,1
135,21.01,23.4,44.41,22.39,1.519,12.055,2.331,3.067,0.062,3.358,6836,1
136,41.86,23.33,65.19,22.16,1.548,12.031,2.306,2.993,0.002,3.284,8204,0
137,29.49,21.05,50.54,20.09,1.57,12.068,0.01,3.081,0.067,3.29,6821,1
138,25.78,23.43,49.21,22.42,1.597,12.03,2.293,3.072,0.058,3.37,6811,1
139,31.86,23.79,55.65,22.8,1.652,12.369,2.359,3.058,0.058,3.307,6772,1
140,37.94,23.48,61.43,22.38,1.677,11.971,2.301,3.068,0.057,3.305,6771,1
141,41.25,23.31,64.56,22.32,1.504,12.111,2.312,3.039,0.056,3.297,6804,1
142,23.1,23.18,46.28,22.22,1.57,11.875,2.299,3.08,0.059,3.34,6781,1
143,43.93,23.3,67.24,22.31,1.534,12.134,2.319,2.972,0.059,3.288,6775,1
144,40.38,23.12,63.5,22.24,1.502,11.955,2.316,3.086,0.064,3.316,6856,1
145,36.11,23.25,59.35,22.31,1.538,12.06,2.326,3.032,0.062,3.293,6837,1
146,31.1,23.09,54.19,22.12,1.482,11.983,2.302,3.042,0.002,3.308,8644,0
147,30.3,21.16,51.46,20.21,1.492,12.215,0.011,3.106,0.061,3.325,6753,1
148,37.54,23.08,60.62,22.07,1.512,11.825,2.303,3.032,0.058,3.339,6767,1
149,38.87,23.25,62.12,22.27,1.554,11.897,2.304,3.06,0.058,3.398,6749,1
150,20.29,23.17,43.46,22.25,1.49,12,2.326,3.042,0.058,3.331,6764,1
151,31.08,23.32,54.4,22.36,1.571,12.125,2.333,2.971,0.057,3.302,6753,1
152,69.09,23.86,92.95,22.85,1.606,12.459,2.353,3.049,0.064,3.322,6789,1
153,36.2,23.16,59.37,22.19,1.538,11.949,2.322,3.052,0.062,3.271,6757,1
154,26.48,22.93,49.42,21.98,1.498,11.764,2.3,3.022,0.055,3.343,6758,1
155,24.32,23.2,47.51,22.21,1.567,11.919,2.3,3.034,0.06,3.334,6754,1
156,51.26,22.77,74.03,21.79,1.507,11.589,2.316,3.007,0.063,3.306,6758,1
157,37.99,22.73,60.71,21.79,1.513,11.741,2.321,2.803,0.058,3.351,6774,1
158,22.98,23.19,46.16,22.22,1.484,11.924,2.336,3.076,0.065,3.331,6820,1
159,23.85,23.37,47.22,22.36,1.591,11.911,2.312,3.083,0.066,3.398,6801,1
160,28.54,23.17,51.72,22.21,1.484,11.904,2.323,3.076,0.064,3.36,6819,1
161,37.56,23.12,60.69,22.18,1.489,11.889,2.333,3.067,0.058,3.341,6754,1
162,27.49,23.1,50.6,22.1,1.5,11.863,2.307,3.05,0.058,3.326,6758,1
163,26.29,23.2,49.49,22.19,1.5,11.885,2.339,3.066,0.059,3.34,6747,1
164,20.2,23.23,43.43,22.22,1.544,11.895,2.308,3.066,0.058,3.348,6746,1
165,30.67,23.38,54.05,22.33,1.602,11.961,2.299,3.074,0.06,3.333,6765,1
166,41.11,23.14,64.25,22.17,1.494,12.023,2.278,3.044,0.059,3.27,6750,1
167,25.85,23.22,49.07,22.26,1.594,11.925,2.302,3.059,0.059,3.32,6759,1
168,37.43,23.12,60.54,22.16,1.497,11.918,2.306,3.05,0.06,3.325,6762,1
169,37.52,23.37,60.88,22.42,1.52,12.049,2.33,3.096,0.058,3.372,6773,1
170,32.01,23.08,55.09,22.08,1.531,11.829,2.285,3.042,0.065,3.332,6827,1
171,30.25,23.41,53.66,22.38,1.555,12.074,2.306,3.078,0.066,3.298,6844,1
172,20.97,23.38,44.35,22.37,1.528,12.07,2.313,3.081,0.054,3.326,6834,1
173,21.3,23.07,44.38,22.1,1.518,11.838,2.289,3.078,0.063,3.311,6844,1
174,36.1,23.09,59.19,22.18,1.55,11.812,2.297,3.108,0.06,3.354,6764,1
175,21.69,23.43,45.13,22.48,1.49,12.121,2.389,3.074,0.064,3.345,6854,1
176,35.94,23.71,59.66,22.73,1.612,12.328,2.351,3.055,0.061,3.328,6804,1
177,34.57,23.49,58.06,22.53,1.573,12.248,2.355,3.119,0.002,3.235,6657,0
178,25.24,21.13,46.36,20.21,1.485,12.199,0.01,3.084,0.059,3.377,6762,1
179,39.79,23.02,62.81,22.12,1.497,11.813,2.319,3.082,0.061,3.348,6752,1
180,54.33,23.43,77.76,22.47,1.518,12.096,2.413,3.044,0.057,3.346,6749,1
181,29.16,23.24,52.4,22.31,1.521,11.988,2.32,3.053,0.058,3.372,6744,1
182,37.98,23.31,61.29,22.28,1.554,11.953,2.312,3.086,0.058,3.32,6751,1
183,29.94,23.34,53.29,22.38,1.524,12.123,2.297,3.06,0.057,3.32,6755,1
184,28.89,23.08,51.97,22.12,1.497,11.916,2.328,2.987,0.06,3.335,6764,1
185,36.83,23.43,60.26,22.37,1.536,12.062,2.314,3.087,0.066,3.307,6821,1
186,36.4,23.45,59.85,22.5,1.564,12.195,2.353,3.055,0.056,3.279,6820,1
187,29.76,23.21,52.96,22.24,1.487,11.946,2.338,3.109,0.058,3.3,6772,1
188,54.68,23.31,77.99,22.31,1.522,12.009,2.426,2.976,0.057,3.317,6789,1
189,21.56,23.35,44.9,22.34,1.528,12.026,2.323,3.067,0.059,3.337,6764,1
190,20.77,22.92,43.69,21.97,1.47,11.835,2.295,3.039,0.059,3.272,6768,1
191,35.34,23.4,58.74,22.43,1.589,12.14,2.354,3.036,0.064,3.249,6854,1
192,40.64,23.1,63.74,22.14,1.526,11.874,2.311,3.066,0.053,3.312,6823,1
193,53.17,23.27,76.44,22.25,1.524,11.993,2.328,3.082,0.002,3.321,8250,0
194,38.66,21.74,60.4,20.65,1.57,12.235,0.011,3.329,0.072,3.432,6831,1
195,24.21,24.03,48.24,23.01,1.648,12.395,2.35,3.125,0.07,3.425,6795,1
196,32.9,23.73,56.63,22.72,1.578,12.258,2.349,3.098,0.06,3.378,6763,1
197,40.34,24.08,64.42,23.04,1.57,12.52,2.331,3.131,0.065,3.424,6841,1
198,35.98,23.77,59.75,22.77,1.559,12.336,2.369,3.059,0.06,3.382,6778,1
199,29.79,23.44,53.23,22.43,1.589,12.283,2.37,2.936,0.056,3.198,6816,1
200,53.55,23.75,77.3,22.74,1.61,12.305,2.371,3.062,0.003,3.39,8372,0
201,22.29,21.91,44.2,20.84,1.58,12.546,0.011,3.166,0.075,3.461,6801,1
202,29.44,23.55,52.99,22.53,1.599,12.311,2.352,2.947,0.063,3.255,6828,1
203,31.14,23.85,54.99,22.83,1.596,12.28,2.378,3.091,0.06,3.424,6767,1
204,29.23,24.06,53.29,23.04,1.574,12.476,2.312,3.141,0.07,3.464,6857,1
205,32.77,24.03,56.8,22.94,1.566,12.355,2.401,3.084,0.06,3.472,6774,1
206,31.25,23.26,54.51,22.34,1.509,12.016,2.339,3.119,0.063,3.29,6816,1
207,37.62,23.39,61.01,22.43,1.507,12.125,2.328,3.047,0.061,3.362,6839,1
208,29.29,23.17,52.45,22.18,1.587,11.949,2.288,3.053,0.003,3.303,8454,0
209,37.4,21.28,58.68,20.28,1.554,12.205,0.01,3.1,0.06,3.353,6753,1
210,39.05,23.3,62.35,22.23,1.513,11.978,2.319,3.035,0.065,3.316,6840,1
211,28.09,23.2,51.29,22.23,1.51,11.962,2.317,3.047,0.063,3.329,6816,1
212,37.08,23.27,60.35,22.11,1.571,11.844,2.229,3.112,0.061,3.296,6794,1
213,53.64,23.33,76.97,22.4,1.529,12.111,2.296,3.08,0.062,3.325,6782,1
214,31.84,23.7,55.54,22.7,1.603,12.271,2.353,3.082,0.063,3.332,6859,1
215,24.82,23.37,48.19,22.4,1.483,12.119,2.3,3.099,0.053,3.35,6841,1
216,21.3,23.29,44.59,22.28,1.523,12.015,2.345,3.071,0.002,3.32,8748,0
217,25.88,21.38,47.26,20.2,1.594,12.079,0.011,3.077,0.068,3.374,6772,1
218,54.18,23.8,77.98,22.8,1.711,12.321,2.311,3.043,0.063,3.349,6835,1
219,25.29,23.49,48.78,22.55,1.581,12.148,2.309,3.066,0.06,3.391,6774,1
220,23.55,23.49,47.05,22.52,1.52,12.131,2.318,3.067,0.062,3.419,6850,1
221,37.74,23.32,61.06,22.34,1.587,12.135,2.291,2.999,0.063,3.268,6810,1
222,31.24,23.44,54.68,22.46,1.596,12.102,2.326,3.053,0.061,3.325,6800,1
223,31.3,23.43,54.73,22.38,1.58,12.227,2.294,2.991,0.002,3.29,7997,0
224,41.13,21.31,62.44,20.3,1.538,12.204,0.011,3.092,0.07,3.382,6798,1
225,30.94,23.59,54.53,22.62,1.569,12.207,2.363,3.044,0.059,3.374,6836,1
226,36.03,23.43,59.46,22.46,1.602,12.242,2.295,2.855,0.061,3.402,6764,1
227,39.48,23.5,62.98,22.5,1.505,12.128,2.268,3.143,0.06,3.392,6761,1
228,21.55,23.54,45.1,22.53,1.505,12.186,2.319,3.105,0.058,3.354,6776,1
229,35.97,23.35,59.32,22.32,1.546,12.001,2.32,3.098,0.058,3.296,6765,1
230,36.83,23.6,60.43,22.6,1.588,12.212,2.32,3.09,0.058,3.334,6760,1
231,31.74,23.51,55.25,22.51,1.56,12.086,2.329,3.124,0.065,3.347,6790,1
232,39.96,23.83,63.79,22.71,1.599,12.339,2.404,3,0.059,3.308,6780,1
233,36.66,23.36,60.02,22.38,1.522,12.003,2.334,3.086,0.066,3.368,6771,1
234,31.16,23.38,54.54,22.38,1.499,12.06,2.311,3.095,0.059,3.359,6762,1
235,30.86,23.53,54.39,22.52,1.575,12.244,2.279,3.078,0.054,3.292,6787,1
236,31.06,23.35,54.41,22.43,1.607,12.04,2.295,3.069,0.067,3.349,6777,1
237,21,23.43,44.43,22.48,1.501,12.127,2.326,3.111,0.059,3.357,6768,1
238,41.49,23.4,64.89,22.43,1.503,12.089,2.321,3.097,0.063,3.361,6861,1
239,40.38,23.48,63.86,22.46,1.589,12.116,2.338,3.055,0.064,3.297,6848,1
240,52.5,23.67,76.17,22.63,1.605,12.288,2.306,3.094,0.002,3.333,7960,0
241,34.46,21.42,55.88,20.43,1.617,12.489,0.011,2.809,0.06,3.44,6753,1
242,52.38,24.07,76.45,23.1,1.658,12.578,2.353,3.068,0.063,3.376,6758,1
243,26.97,23.33,50.3,22.39,1.565,12.117,2.34,3.072,0.058,3.234,6758,1
244,26.84,23.27,50.11,22.36,1.557,11.97,2.322,3.092,0.058,3.359,6768,1
245,40.38,23.19,63.57,22.2,1.542,11.999,2.256,3.043,0.059,3.302,6772,1
246,42.66,23.34,66,22.33,1.562,12.104,2.305,2.964,0.056,3.336,6753,1
247,31.66,23.4,55.06,22.39,1.598,12.077,2.309,3.022,0.066,3.318,6816,1
248,33.98,23.39,57.37,22.45,1.566,12.103,2.323,3.033,0.065,3.363,6837,1
249,32.63,23.38,56.01,22.41,1.579,12.028,2.319,3.076,0.06,3.348,6787,1
250,31.21,23.18,54.39,22.21,1.577,11.91,2.354,3.006,0.056,3.303,6778,1
251,30.18,23.61,53.79,22.54,1.529,12.183,2.336,3.079,0.063,3.348,6828,1
252,23.89,23.44,47.34,22.45,1.564,12.095,2.308,3.085,0.062,3.332,6819,1
253,26.23,23.29,49.52,22.28,1.568,11.975,2.314,3.08,0.002,3.346,8007,0
254,26.67,21.19,47.87,20.19,1.551,12.112,0.012,3.1,0.079,3.332,6816,1
255,38.07,23.52,61.59,22.53,1.501,12.158,2.347,3.085,0.065,3.378,6831,1
256,24.72,23.55,48.27,22.55,1.54,12.156,2.323,3.104,0.057,3.37,6765,1
257,31.03,23.33,54.36,22.37,1.546,12.043,2.347,3.042,0.056,3.334,6763,1
258,24.76,23.16,47.91,22.18,1.56,11.782,2.309,3.093,0.058,3.378,6773,1
259,22.76,23.29,46.05,22.3,1.537,11.893,2.301,3.104,0.061,3.403,6776,1
260,30.56,23.39,53.95,22.4,1.538,12.04,2.319,3.079,0.062,3.36,6766,1
261,38.99,23.63,62.62,22.64,1.574,12.211,2.322,3.099,0.058,3.377,6776,1
262,29.55,23.57,53.12,22.57,1.521,12.155,2.331,3.141,0.059,3.366,6789,1
263,53.89,23.43,77.32,22.41,1.532,12.061,2.323,3.109,0.058,3.326,6786,1
264,24.78,23.77,48.54,22.74,1.626,12.194,2.352,3.107,0.062,3.401,6774,1
265,53.04,23.33,76.37,22.34,1.568,11.977,2.327,3.078,0.058,3.327,6773,1
266,29.5,23.64,53.13,22.66,1.748,12.083,2.297,3.072,0.068,3.393,6765,1
267,27.06,23.12,50.17,22.18,1.607,11.776,2.293,3.08,0.059,3.364,6763,1
268,23.2,23.39,46.59,22.46,1.57,12.051,2.331,3.045,0.062,3.406,6810,1
269,22.35,23.29,45.64,22.36,1.554,12.015,2.313,3.056,0.062,3.362,6799,1
270,34.35,23.68,58.03,22.73,1.771,12.201,2.326,3.06,0.002,3.368,8578,0
271,38.97,21.31,60.28,20.29,1.533,12.221,0.01,3.088,0.066,3.372,6823,1
272,31.33,23.23,54.56,22.23,1.544,11.868,2.312,3.066,0.068,3.371,6803,1
273,34.27,23.83,58.1,22.84,1.816,12.173,2.332,3.1,0.059,3.356,6776,1
274,22.01,23.6,45.6,22.61,1.555,12.18,2.334,3.107,0.058,3.377,6779,1
275,40.01,23.42,63.43,22.42,1.512,12.057,2.303,3.087,0.077,3.381,6831,1
276,27.6,23.57,51.18,22.63,1.56,12.176,2.323,3.12,0.067,3.383,6757,1
277,38.17,23.85,62.02,22.86,1.61,12.393,2.314,3.123,0.06,3.364,6773,1
278,37.77,23.61,61.38,22.66,1.571,12.177,2.344,3.098,0.059,3.415,6778,1
279,26.83,23.3,50.14,22.33,1.516,11.923,2.33,3.086,0.07,3.402,6855,1
280,55.16,23.69,78.85,22.67,1.547,12.279,2.306,3.111,0.061,3.37,6783,1
281,27.07,23.3,50.37,22.32,1.534,11.921,2.358,3.099,0.061,3.345,6783,1
282,26.02,23.7,49.72,22.53,1.54,12.095,2.341,3.116,0.061,3.377,6795,1
283,36.38,23.39,59.77,22.42,1.526,12.075,2.342,3.114,0.002,3.358,7836,0
284,42.32,21.22,63.53,20.22,1.579,12.059,0.011,3.058,0.064,3.453,6767,1
285,28.89,23.64,52.53,22.59,1.587,12.149,2.338,3.107,0.059,3.354,6771,1
286,26.89,23.84,50.73,22.8,1.593,12.3,2.323,3.129,0.06,3.394,6766,1
287,53.33,23.52,76.86,22.5,1.569,12.137,2.299,3.087,0.058,3.352,6757,1
288,31,23.59,54.58,22.63,1.581,12.299,2.263,3.082,0.059,3.343,6758,1
289,43.42,23.42,66.84,22.37,1.562,12.038,2.296,3.084,0.066,3.325,6819,1
290,41.11,23.36,64.47,22.41,1.558,12.066,2.301,3.06,0.07,3.358,6832,1
291,35.35,23.71,59.06,22.7,1.751,12.108,2.334,3.093,0.058,3.356,6775,1
292,32.05,23.24,55.29,22.3,1.522,12.085,2.238,3.077,0.06,3.316,6782,1
293,31.24,23.44,54.68,22.47,1.549,12.115,2.342,3.048,0.073,3.345,6772,1
294,28.52,23.36,51.88,22.37,1.557,12.037,2.332,3.062,0.058,3.326,6784,1
295,36.91,23.56,60.47,22.57,1.555,12.186,2.335,3.074,0.058,3.366,6766,1
296,24.94,23.44,48.38,22.53,1.562,12.125,2.298,3.052,0.062,3.435,6819,1
297,39.7,23.4,63.1,22.48,1.54,12.118,2.293,3.079,0.053,3.393,6814,1
298,37,24.04,61.05,22.99,1.647,12.598,2.32,3.073,0.002,3.35,8276,0
299,35.07,21.6,56.67,20.61,1.756,12.29,0.011,3.128,0.066,3.357,6759,1