i,client_ms,model_ms,remote_ms,gpu_ms,app_ms,req_bytes,resp_bytes,choice,state_chars
0,2830.09,2827.936084009707,,,,1587,217,A,129
1,3434.75,3432.755541987717,,,,1829,217,E,181
2,3630.29,3628.0058750417084,,,,1587,219,A,129
3,4442.08,4439.327999949455,,,,1830,217,A,182
4,2531.55,2528.894125018269,,,,1587,217,A,129
5,16168.62,16165.028874995187,,,,1830,219,A,182
6,3892.77,3890.342416940257,,,,1830,217,E,182
7,3728.79,3726.6829998698086,,,,1587,219,A,129
8,5493.94,5491.652583004907,,,,1587,217,E,129
9,3266.78,3264.498124830425,,,,1587,217,E,129
10,3075.32,3072.503332979977,,,,1829,217,E,181
11,3243.26,3240.4109169729054,,,,1587,219,A,129
12,4214.74,4211.703083012253,,,,1587,217,A,129
13,3291.92,3288.959207944572,,,,1587,216,A,129
14,3800.45,3797.8448749054223,,,,1587,219,E,129
15,4209.02,4206.387332873419,,,,1587,217,E,129
16,2796.33,2793.8282918184996,,,,1587,219,A,129
17,3670.48,3667.840000009164,,,,1587,217,A,129
18,40829.71,40827.001333935186,,,,1587,219,E,129
19,5160.2,5157.141958130524,,,,1830,217,A,182
20,4372.53,4370.134333847091,,,,1587,217,A,129
21,8281.94,8279.99687497504,,,,1587,215,A,129
22,2579.84,2577.7603751048446,,,,1586,219,A,128
23,2440.92,2438.8522079680115,,,,1830,219,A,182
24,4169.85,4168.177000014111,,,,1587,217,E,129
25,3907.78,3905.8092911727726,,,,1587,219,A,129
26,5682.57,5679.585208883509,,,,1640,217,A,142
27,55248.2,55245.614915853366,,,,1587,219,A,129
28,6293.84,6291.948042111471,,,,1640,217,A,142
29,2165.27,2162.779999896884,,,,1587,217,A,129
30,3216.65,3213.7093329802155,,,,1587,219,E,129
31,2700.88,2698.6108750570565,,,,1830,218,A,182
32,2208.03,2205.7399170007557,,,,1587,219,A,129
33,2664.38,2661.468207836151,,,,1587,217,A,129
34,12491.27,12488.799249986187,,,,1829,219,E,181
35,2127.78,2125.347792170942,,,,1587,217,A,129
36,2992.5,2989.814708009362,,,,1587,217,A,129
37,4199.11,4196.934124920517,,,,1830,217,E,182
38,4535.6,4533.565165940672,,,,1587,217,E,129
39,2428.2,2425.4526251461357,,,,1587,219,A,129
40,3322.1,3319.29341587238,,,,1587,215,A,129
41,6680.4,6678.43670793809,,,,1830,215,A,182
42,2532.89,2530.6621671188623,,,,1587,219,A,129
43,3211.27,3208.878875011578,,,,1587,217,A,129
44,47467.08,47465.194958029315,,,,1587,219,A,129
45,6161.47,6159.088874934241,,,,1586,217,A,128
46,2935.3,2932.6968339737505,,,,1587,219,A,129
47,3498.48,3495.5152079928666,,,,1587,219,A,129
48,2924.06,2921.2509160861373,,,,1587,219,A,129
49,4659.15,4656.576208071783,,,,1587,217,B,129
50,3051.44,3049.2152909282595,,,,1587,219,E,129
51,3382.39,3380.0509590655565,,,,1587,219,E,129
52,3129.98,3127.2067909594625,,,,1587,219,A,129
53,6071.46,6069.011375075206,,,,1697,217,E,154
54,3380.67,3377.8968749102205,,,,1587,219,A,129
55,6248.95,6245.887791970745,,,,1587,217,A,129
56,4045.55,4042.808416998014,,,,1587,217,A,129
57,4057.42,4054.4079579412937,,,,1640,219,E,142
58,2137.93,2135.07058378309,,,,1587,215,A,129
59,4082.9,4080.24291601032,,,,1587,215,A,129
60,3381.03,3377.758791903034,,,,1587,217,A,129
61,12552.32,12549.754332983866,,,,1587,219,A,129
62,61886.64,61884.579750010744,,,,1587,219,A,129
63,4303.19,4300.888875033706,,,,1587,217,A,129
64,4709.94,4706.850375048816,,,,1587,217,E,129
65,53351.34,53348.943000193685,,,,1641,219,A,143
66,3132.85,3129.844916984439,,,,1587,217,A,129
67,2703.92,2700.953166000545,,,,1829,217,E,181
68,4252.84,4250.711458036676,,,,1587,217,A,129
69,16533.91,16532.345790881664,,,,1587,219,E,129
70,2884.52,2882.803749991581,,,,1587,217,A,129
71,2540.24,2537.677082931623,,,,1587,217,A,129
72,3223.58,3220.662249950692,,,,1587,217,A,129
73,3073.18,3070.5060409381986,,,,1587,219,A,129
74,4037.28,4034.953583031893,,,,1830,217,A,182
75,9432.85,9430.59670808725,,,,1829,215,E,181
76,8763.46,8760.676583042368,,,,1587,217,A,129
77,47067.99,47064.66070888564,,,,1829,217,E,181
78,18205.77,18203.237124951556,,,,1587,219,A,129
79,3510.6,3508.9117500465363,,,,1587,219,A,129
80,26149.46,26147.56800001487,,,,1587,217,A,129
81,19067.62,19065.236457856372,,,,1587,219,A,129
82,2879.16,2876.8999581225216,,,,1829,219,E,181
83,2869.17,2866.4778750389814,,,,1829,219,E,181
84,3376.56,3374.8534580226988,,,,1587,219,A,129
85,17714.58,17713.126332964748,,,,1587,219,A,129
86,3583.91,3581.8466669879854,,,,1841,219,A,183
87,24170.16,24166.997582884505,,,,1587,219,A,129
88,2453.75,2450.5711670499295,,,,1587,219,A,129
89,4207.67,4205.5892089847475,,,,1587,219,E,129
90,43472.53,43470.611833035946,,,,1587,219,A,129
91,2803.34,2800.5317500792444,,,,1587,219,A,129
92,5051.59,5049.1826250217855,,,,1830,219,A,182
93,3551.16,3548.537249909714,,,,1587,217,A,129
94,3685.16,3682.194875087589,,,,1829,217,E,181
95,3173.6,3170.9335001651198,,,,1587,219,A,129
96,3279.17,3276.467083953321,,,,1586,217,A,128
97,3373.87,3371.274417033419,,,,1587,217,A,129
98,4334.09,4331.521000014618,,,,1830,217,E,182
99,3573.65,3570.4945421312004,,,,1587,219,A,129
