i,client_ms,model_ms,remote_ms,gpu_ms,app_ms,req_bytes,resp_bytes,in_tok,think_tok,choice,state_chars
0,337.98,84.2,336.0560000874102,84.2,88.2,1587,378,246,,A,129
1,231.52,84.0,229.99991686083376,84.0,87.9,1587,384,246,,A,129
2,244.19,84.0,242.43533401750028,84.0,89.5,1587,383,246,,A,129
3,243.25,84.1,241.223624907434,84.1,88.3,1587,377,246,,A,129
4,257.34,85.8,255.60433394275606,85.8,90.2,1830,384,283,,A,182
5,282.57,84.0,280.74625018052757,84.0,88.5,1587,384,246,,A,129
6,324.99,84.0,323.58437520451844,84.0,88.1,1587,383,246,,A,129
7,236.85,84.1,235.44504097662866,84.1,88.1,1586,383,245,,A,128
8,267.83,85.7,266.16954198107123,85.7,89.7,1830,382,283,,E,182
9,302.14,84.0,300.4960829857737,84.0,88.1,1587,381,246,,A,129
10,236.63,83.9,234.601124888286,83.9,88.1,1587,379,246,,A,129
11,309.02,152.3,306.85508297756314,152.3,156.3,1640,383,257,,A,142
12,474.65,83.9,472.70937520079315,83.9,138.5,1587,382,246,,A,129
13,306.41,86.0,304.7133330255747,86.0,90.1,1640,381,257,,A,142
14,233.65,84.1,231.98924981988966,84.1,88.1,1587,384,246,,A,129
15,232.9,84.0,231.1617920640856,84.0,88.1,1587,379,246,,A,129
16,252.14,85.7,250.31379191204906,85.7,90.0,1830,382,283,,E,182
17,302.53,84.4,300.6092079449445,84.4,89.3,1587,380,246,,A,129
18,313.13,84.0,311.2983340397477,84.0,88.4,1587,382,246,,A,129
19,235.02,85.8,233.04637498222291,85.8,90.0,1829,382,282,,A,181
20,271.51,84.0,269.57483286969364,84.0,88.6,1587,383,246,,A,129
21,306.81,84.2,304.64458279311657,84.2,88.4,1587,384,246,,A,129
22,235.19,85.9,233.34904201328754,85.9,90.1,1830,383,283,,E,182
23,246.43,84.4,244.840000057593,84.4,88.6,1587,378,246,,A,129
24,279.72,84.2,278.4372919704765,84.2,88.6,1587,379,246,,A,129
25,251.15,84.2,250.1218339893967,84.2,88.3,1587,382,246,,A,129
26,318.5,85.5,317.5362499896437,85.5,89.6,1830,381,283,,A,182
27,304.53,84.2,303.309999871999,84.2,88.2,1587,376,246,,A,129
28,231.26,84.4,229.84779183752835,84.4,88.6,1587,382,246,,A,129
29,242.05,84.1,240.86474999785423,84.1,88.4,1587,382,246,,A,129
30,244.63,84.1,243.21395787410438,84.1,88.3,1586,383,245,,A,128
31,244.65,84.3,242.98574985004961,84.3,88.4,1587,384,246,,A,129
32,244.54,84.0,242.74112517014146,84.0,88.9,1587,384,246,,A,129
33,234.08,84.3,232.0682080462575,84.3,88.5,1587,379,246,,A,129
34,233.2,83.3,231.939832912758,83.3,87.4,1587,378,246,,A,129
35,272.49,84.0,270.68162499926984,84.0,88.1,1587,384,246,,A,129
36,306.61,84.2,304.41620806232095,84.2,88.3,1587,381,246,,A,129
37,233.6,84.2,231.7317919805646,84.2,88.6,1587,380,246,,A,129
38,277.71,84.8,276.358624920249,84.8,88.9,1697,379,264,,A,154
39,306.74,84.0,305.05824997089803,84.0,88.8,1587,384,246,,A,129
40,245.68,84.2,243.42779186554253,84.2,88.4,1587,383,246,,A,129
41,267.78,84.1,265.40429098531604,84.1,88.3,1587,383,246,,A,129
42,266.79,84.9,264.77108406834304,84.9,90.5,1640,381,257,,A,142
43,350.16,84.1,348.1957090552896,84.1,88.3,1587,380,246,,A,129
44,232.24,84.2,230.5372499395162,84.2,88.4,1587,382,246,,A,129
45,231.79,84.1,230.16804200597107,84.1,88.3,1587,383,246,,A,129
46,250.36,84.0,248.33670817315578,84.0,88.1,1587,382,246,,A,129
47,232.82,84.3,230.89783289469779,84.3,88.3,1587,381,246,,A,129
48,244.91,83.9,243.1623339653015,83.9,88.1,1587,379,246,,A,129
49,338.33,84.0,336.8776668794453,84.0,87.9,1587,381,246,,A,129
50,307.24,84.8,305.9143328573555,84.8,88.8,1641,381,258,,A,143
51,307.6,84.0,305.81991700455546,84.0,88.6,1587,384,246,,A,129
52,247.51,85.8,245.52579200826585,85.8,89.9,1829,383,282,,A,181
53,243.44,84.3,241.6236251592636,84.3,88.3,1587,377,246,,A,129
54,331.51,84.0,329.57358402200043,84.0,88.2,1587,384,246,,A,129
55,236.14,84.3,234.38141704536974,84.3,88.4,1587,381,246,,A,129
56,271.31,84.2,269.4810410030186,84.2,88.4,1587,381,246,,A,129
57,306.79,84.2,304.90195797756314,84.2,88.5,1587,383,246,,A,129
58,307.51,84.1,305.81604200415313,84.1,88.2,1587,383,246,,A,129
59,307.12,86.0,305.22687500342727,86.0,90.8,1830,382,283,,A,182
60,307.26,85.9,305.267000105232,85.9,90.2,1829,379,282,,A,181
61,306.62,84.1,304.3245419394225,84.1,88.2,1587,381,246,,A,129
62,246.54,85.9,244.25870785489678,85.9,90.1,1829,383,282,,A,181
63,245.52,84.3,243.23766585439444,84.3,88.5,1587,382,246,,A,129
64,237.25,84.2,234.81162497773767,84.2,88.3,1587,384,246,,A,129
65,357.72,84.1,355.53204198367894,84.1,88.4,1587,383,246,,A,129
66,299.5,84.2,297.74779197759926,84.2,88.4,1587,382,246,,A,129
67,259.09,86.0,257.1657921653241,86.0,90.8,1829,381,282,,A,181
68,235.12,85.7,232.98404086381197,85.7,90.0,1829,381,282,,A,181
69,245.84,84.3,243.95937495864928,84.3,89.6,1587,379,246,,A,129
70,234.16,84.2,232.15441708453,84.2,88.4,1587,378,246,,A,129
71,234.31,85.9,232.613333966583,85.9,90.0,1841,378,282,,E,183
72,270.36,84.2,268.3266249950975,84.2,88.2,1587,381,246,,A,129
73,306.24,84.1,304.64704101905227,84.1,88.6,1587,384,246,,A,129
74,232.78,84.1,231.12495802342892,84.1,88.1,1587,384,246,,A,129
75,253.72,84.1,252.05912510864437,84.1,88.1,1587,383,246,,A,129
76,242.65,84.4,240.86791719309986,84.4,88.6,1587,384,246,,A,129
77,238.39,85.8,236.8989170063287,85.8,90.0,1830,381,283,,E,182
78,234.48,84.2,232.60525008663535,84.2,88.4,1587,384,246,,A,129
79,333.55,85.9,331.7282919306308,85.9,91.3,1829,381,282,,A,181
80,306.83,84.2,305.194707820192,84.2,88.3,1587,378,246,,A,129
81,308.24,84.2,306.52495799586177,84.2,88.4,1586,383,245,,A,128
82,255.5,84.2,253.80845903418958,84.2,88.3,1587,381,246,,A,129
83,234.98,85.7,232.8529169317335,85.7,89.9,1830,378,283,,E,182
84,327.79,84.2,325.96016698516905,84.2,88.3,1587,382,246,,A,129
85,286.4,84.2,284.6178328618407,84.2,88.3,1587,381,246,,A,129
86,429.67,84.1,427.80783399939537,84.1,88.2,1587,383,246,,A,129
87,236.98,86.0,235.0467499345541,86.0,90.2,1829,380,282,,A,181
88,245.57,84.3,243.6010418459773,84.3,88.4,1587,382,246,,A,129
89,233.29,84.0,231.35670786723495,84.0,88.0,1587,382,246,,A,129
90,235.03,85.7,233.01424994133413,85.7,89.8,1829,381,282,,A,181
91,379.62,84.2,377.6332908309996,84.2,88.2,1587,379,246,,A,129
92,308.27,85.8,306.5029170829803,85.8,90.0,1829,381,282,,A,181
93,235.28,84.2,232.84404096193612,84.2,88.4,1587,381,246,,A,129
94,275.92,85.9,273.27500004321337,85.9,90.1,1830,384,283,,A,182
95,350.73,84.3,349.24654196947813,84.3,88.4,1587,383,246,,A,129
96,266.69,84.3,264.9064171127975,84.3,88.3,1587,382,246,,A,129
97,233.15,84.2,230.99933401681483,84.2,88.2,1587,382,246,,A,129
98,234.31,84.3,231.97862482629716,84.3,88.5,1587,384,246,,A,129
99,350.65,85.9,348.07408414781094,85.9,90.8,1829,383,282,,A,181
100,236.3,85.7,233.91720792278647,85.7,90.1,1829,382,282,,A,181
101,374.66,84.1,372.3617088980973,84.1,88.4,1587,382,246,,A,129
102,308.37,84.2,306.02937494404614,84.2,88.2,1586,381,245,,A,128
103,306.54,84.3,304.13829209282994,84.3,88.4,1587,383,246,,A,129
104,307.11,84.7,304.7322081401944,84.7,88.9,1829,382,282,,A,181
105,247.75,84.2,245.17616699449718,84.2,88.3,1587,380,246,,A,129
106,256.03,84.4,253.63554200157523,84.4,88.5,1587,384,246,,A,129
107,417.07,86.0,414.88433396443725,86.0,90.2,1830,384,283,,E,182
108,233.24,84.3,231.69849999248981,84.3,88.5,1587,384,246,,A,129
109,233.74,84.4,231.6229168791324,84.4,88.4,1587,382,246,,A,129
110,351.3,86.0,348.7583340611309,86.0,90.3,1829,381,282,,A,181
111,234.44,84.2,232.0319169666618,84.2,88.4,1587,380,246,,A,129
112,235.09,84.4,232.70033299922943,84.4,88.5,1587,383,246,,A,129
113,239.57,85.9,237.92962497100234,85.9,90.2,1830,384,283,,E,182
114,414.47,84.3,413.4983750991523,84.3,88.7,1587,381,246,,A,129
115,232.25,84.4,230.58141698129475,84.4,88.6,1587,384,246,,A,129
116,231.94,84.1,230.42520810849965,84.1,88.1,1587,383,246,,A,129
117,253.78,84.2,252.10991688072681,84.2,88.4,1587,384,246,,A,129
118,243.79,84.2,241.9797908514738,84.2,88.3,1587,381,246,,A,129
119,234.13,84.3,232.2705420665443,84.3,88.6,1587,380,246,,A,129
120,258.7,85.7,256.2802501488477,85.7,89.9,1830,382,283,,A,182
121,245.98,86.0,244.16150012984872,86.0,90.1,1829,380,282,,E,181
122,246.82,84.3,245.10895903222263,84.3,88.4,1587,383,246,,A,129
123,237.63,85.9,235.7208749745041,85.9,91.2,1829,382,282,,A,181
124,250.82,85.9,248.67933406494558,85.9,90.2,1829,382,282,,A,181
125,293.19,84.3,290.95704085193574,84.3,88.4,1587,384,246,,A,129
126,348.52,84.3,346.9118750654161,84.3,88.6,1587,382,246,,A,129
127,404.16,85.6,402.557082939893,85.6,89.8,1587,379,246,,A,129
128,352.81,84.4,350.6828329991549,84.4,88.4,1587,382,246,,A,129
129,318.23,84.3,316.53049984015524,84.3,88.3,1586,383,245,,A,128
130,257.87,84.2,256.14725006744266,84.2,88.2,1587,381,246,,A,129
131,401.43,84.5,399.35520803555846,84.5,88.6,1587,383,246,,A,129
132,233.23,84.5,231.22375016100705,84.5,88.6,1587,383,246,,A,129
133,237.31,84.3,235.2825829293579,84.3,89.0,1587,381,246,,A,129
134,304.81,84.2,303.12929186038673,84.2,88.2,1587,381,246,,A,129
135,316.74,86.0,315.37937512621284,86.0,90.2,1829,384,282,,A,181
136,259.24,84.3,257.7926670201123,84.3,88.4,1587,382,246,,A,129
137,247.01,84.2,245.3286659438163,84.2,88.3,1587,379,246,,A,129
138,310.13,84.5,308.46466589719057,84.5,89.8,1587,383,246,,A,129
139,262.01,84.6,260.1941670291126,84.6,88.7,1587,381,246,,A,129
140,235.76,86.2,233.74595795758069,86.2,90.7,1829,383,282,,A,181
141,299.06,84.4,297.168874880299,84.4,88.6,1587,380,246,,A,129
142,249.15,85.8,247.15491710230708,85.8,90.0,1829,383,282,,A,181
143,249.99,84.2,248.19904216565192,84.2,88.3,1587,384,246,,A,129
144,234.21,84.2,232.43125015869737,84.2,88.4,1587,383,246,,A,129
145,349.19,84.2,347.30012505315244,84.2,89.3,1587,383,246,,A,129
146,233.23,84.5,231.07212502509356,84.5,88.9,1587,384,246,,A,129
147,277.59,85.9,275.37779114209116,85.9,90.0,1830,383,283,,E,182
148,306.83,85.9,304.64449990540743,85.9,90.9,1829,384,282,,A,181
149,293.57,84.6,291.51075007393956,84.6,90.1,1587,381,246,,A,129
150,234.7,84.3,232.60924988426268,84.3,88.5,1587,383,246,,A,129
151,294.3,84.3,292.51875006593764,84.3,88.5,1587,384,246,,A,129
152,396.43,84.4,394.49420804157853,84.4,88.5,1587,381,246,,A,129
153,256.07,84.4,254.24508308060467,84.4,88.5,1587,383,246,,A,129
154,240.64,84.6,239.03954098932445,84.6,88.6,1587,381,246,,A,129
155,293.38,84.4,291.6735000908375,84.4,88.5,1587,382,246,,A,129
156,345.04,84.3,343.1656660977751,84.3,88.3,1587,382,246,,A,129
157,234.56,86.1,232.7206248883158,86.1,90.3,1830,381,283,,A,182
158,240.96,85.9,238.30229206942022,85.9,90.2,1829,381,282,,A,181
159,238.0,84.4,235.60233414173126,84.4,88.5,1587,384,246,,A,129
160,249.13,85.0,247.2479168791324,85.0,89.1,1697,382,264,,A,154
161,232.73,84.2,231.17074999026954,84.2,88.2,1587,383,246,,A,129
162,245.98,84.3,244.51400013640523,84.3,88.6,1587,382,246,,A,129
163,261.65,84.4,259.96987521648407,84.4,88.4,1587,382,246,,A,129
164,262.73,85.9,261.19095808826387,85.9,90.1,1829,382,282,,A,181
165,245.18,84.4,243.48837486468256,84.4,88.4,1587,383,246,,A,129
166,252.01,86.2,250.47604204155505,86.2,91.3,1829,380,282,,A,181
167,244.15,84.3,242.89387511089444,84.3,88.5,1587,383,246,,A,129
168,256.46,84.3,254.86437510699034,84.3,88.7,1587,382,246,,A,129
169,235.69,85.2,233.45004208385944,85.2,89.6,1587,383,246,,A,129
170,304.45,84.8,302.2119998931885,84.8,89.7,1587,379,246,,A,129
171,235.57,85.9,233.33687498234212,85.9,90.0,1830,384,283,,A,182
172,254.31,84.3,252.7280419599265,84.3,88.4,1587,381,246,,A,129
173,315.54,86.0,314.4854998681694,86.0,90.1,1830,381,283,,E,182
174,235.46,84.3,234.49516715481877,84.3,88.4,1587,381,246,,A,129
175,240.39,84.3,239.42183307372034,84.3,88.2,1587,383,246,,A,129
176,242.38,84.4,241.30900017917156,84.4,88.5,1587,383,246,,A,129
177,294.59,84.3,293.6220408882946,84.3,88.2,1587,382,246,,A,129
178,233.38,86.1,232.49970912002027,86.1,91.1,1830,384,283,,E,182
179,307.77,84.4,306.32029194384813,84.4,88.5,1599,378,246,,A,131
180,233.64,84.4,231.90233297646046,84.4,88.4,1587,384,246,,A,129
181,255.33,86.1,252.939417026937,86.1,90.2,1829,377,282,,A,181
182,237.89,86.1,236.00866692140698,86.1,90.4,1829,383,282,,A,181
183,244.62,84.2,243.10804205015302,84.2,88.2,1587,383,246,,A,129
184,244.05,84.4,242.10533406585455,84.4,88.6,1587,384,246,,A,129
185,289.98,86.0,288.37745916098356,86.0,90.2,1829,384,282,,A,181
186,235.88,86.0,233.87929098680615,86.0,90.6,1829,384,282,,A,181
187,234.38,84.5,232.18358401209116,84.5,89.1,1587,382,246,,A,129
188,299.38,84.4,297.38270910456777,84.4,89.9,1587,384,246,,A,129
189,244.03,84.4,242.30349995195866,84.4,88.7,1587,382,246,,A,129
190,316.48,84.3,314.8170839995146,84.3,88.4,1587,381,246,,A,129
191,311.04,84.6,308.9837080333382,84.6,88.6,1587,380,246,,A,129
192,243.6,84.4,241.7172088753432,84.4,88.4,1587,379,246,,A,129
193,233.44,84.9,231.44941590726376,84.9,88.9,1696,382,263,,A,153
194,337.82,84.3,335.9038329217583,84.3,88.3,1587,382,246,,A,129
195,308.07,84.3,306.05008313432336,84.3,88.4,1587,380,246,,A,129
196,236.95,86.0,235.01220904290676,86.0,90.2,1829,383,282,,A,181
197,233.74,84.3,231.67399992235005,84.3,88.3,1587,382,246,,A,129
198,256.97,84.3,254.75158402696252,84.3,88.3,1587,384,246,,A,129
199,294.94,85.9,292.5554160028696,85.9,90.0,1829,380,282,,A,181
200,307.1,84.2,304.9188330769539,84.2,89.3,1587,381,246,,A,129
201,247.21,84.2,244.88758412189782,84.2,88.2,1587,384,246,,A,129
202,246.96,84.3,245.15199987217784,84.3,88.3,1587,382,246,,A,129
203,323.6,84.4,322.2307919058949,84.4,88.3,1587,379,246,,A,129
204,317.53,84.3,315.67312497645617,84.3,88.3,1587,381,246,,A,129
205,252.71,84.4,250.67150010727346,84.4,89.4,1587,383,246,,A,129
206,249.17,84.2,247.11716687306762,84.2,89.2,1587,384,246,,A,129
207,312.22,84.3,310.17187517136335,84.3,88.5,1587,383,246,,A,129
208,300.96,84.5,299.26779214292765,84.5,88.5,1587,384,246,,A,129
209,307.53,84.3,305.72212510742247,84.3,88.3,1587,383,246,,A,129
210,246.3,86.0,244.2849581129849,86.0,90.2,1830,382,283,,E,182
211,232.95,84.3,230.97891709767282,84.3,88.2,1587,383,246,,A,129
212,339.76,84.3,337.6746668945998,84.3,88.2,1587,379,246,,A,129
213,238.66,84.6,236.56124994158745,84.6,89.1,1587,384,246,,A,129
214,239.19,84.6,237.00450011529028,84.6,88.7,1587,384,246,,A,129
215,233.72,84.2,231.84133297763765,84.2,88.2,1587,383,246,,A,129
216,233.85,84.4,231.79941694252193,84.4,88.3,1587,384,246,,A,129
217,236.02,86.0,234.14608417078853,86.0,90.2,1830,381,283,,E,182
218,251.65,84.4,250.02183392643929,84.4,88.6,1587,382,246,,A,129
219,307.62,86.0,306.08629202470183,86.0,90.4,1829,383,282,,A,181
220,308.0,84.4,306.3214998692274,84.4,88.4,1587,380,246,,A,129
221,245.51,84.4,244.1217910964042,84.4,88.6,1587,382,246,,A,129
222,235.73,84.4,233.62087504938245,84.4,88.4,1587,382,246,,A,129
223,279.06,86.1,276.8944159615785,86.1,90.4,1830,380,283,,E,182
224,305.26,84.5,303.57691599056125,84.5,90.2,1587,384,246,,A,129
225,234.65,86.1,232.78562491759658,86.1,90.2,1829,384,282,,A,181
226,336.42,84.4,334.6140421926975,84.4,88.4,1587,380,246,,A,129
227,243.98,85.2,242.11404216475785,85.2,89.1,1641,384,258,,A,143
228,256.3,86.1,254.1446250397712,86.1,90.1,1829,381,282,,A,181
229,257.23,84.4,255.21016609854996,84.4,88.5,1587,382,246,,A,129
230,243.36,84.3,241.62683309987187,84.3,88.3,1587,383,246,,A,129
231,234.34,84.5,232.98866697587073,84.5,88.7,1587,384,246,,A,129
232,236.09,84.5,234.30095799267292,84.5,89.4,1587,380,246,,A,129
233,267.57,86.0,265.9750839229673,86.0,90.2,1829,379,282,,A,181
234,285.98,84.6,284.20925000682473,84.6,90.0,1586,384,245,,A,128
235,246.48,86.2,245.0907500460744,86.2,90.3,1829,380,282,,A,181
236,233.39,84.3,231.91537498496473,84.3,88.2,1586,383,245,,A,128
237,259.5,84.5,257.5861250516027,84.5,88.7,1587,379,246,,A,129
238,234.97,84.3,232.9023750498891,84.3,88.4,1587,382,246,,A,129
239,234.01,84.5,231.92812502384186,84.5,88.5,1587,384,246,,A,129
240,349.22,84.2,347.1477502025664,84.2,88.1,1587,381,246,,A,129
241,231.66,84.6,230.38662504404783,84.6,88.7,1587,384,246,,A,129
242,233.52,84.1,232.49504202976823,84.1,88.3,1587,383,246,,A,129
243,232.17,84.5,231.2351670116186,84.5,89.2,1586,381,245,,A,128
244,323.27,84.5,322.35937495715916,84.5,89.4,1587,383,246,,A,129
245,234.11,85.9,233.19254186935723,85.9,90.8,1829,382,282,,A,181
246,242.49,84.4,241.5141249075532,84.4,88.5,1587,381,246,,A,129
247,235.0,84.5,233.95991721190512,84.5,88.7,1587,383,246,,A,129
248,300.63,85.4,298.8338328432292,85.4,89.5,1640,381,257,,A,142
249,324.92,86.0,322.9142080526799,86.0,90.1,1830,379,283,,A,182
250,404.76,84.2,402.4860421195626,84.2,88.3,1587,381,246,,A,129
251,306.63,84.5,304.26129209809005,84.5,88.7,1587,383,246,,A,129
252,234.94,85.2,233.12820796854794,85.2,89.9,1641,382,258,,A,143
253,233.99,86.0,232.2905829641968,86.0,90.2,1829,379,282,,A,181
254,243.88,84.3,242.2354998998344,84.3,88.4,1587,381,246,,A,129
255,312.4,84.3,310.63729198649526,84.3,88.3,1587,382,246,,A,129
256,406.99,84.6,405.2547919563949,84.6,89.0,1587,378,246,,A,129
257,309.17,84.3,307.405750034377,84.3,88.6,1587,379,246,,A,129
258,239.46,84.3,237.1772499755025,84.3,88.4,1587,379,246,,A,129
259,232.29,84.3,230.70674994960427,84.3,88.6,1587,384,246,,A,129
260,254.34,84.4,252.961500082165,84.4,88.4,1587,378,246,,A,129
261,296.78,84.8,295.2135419473052,84.8,89.9,1587,382,246,,A,129
262,235.79,84.7,234.13970903493464,84.7,89.3,1587,383,246,,A,129
263,274.15,84.4,272.56845892407,84.4,88.4,1587,376,246,,A,129
264,308.22,84.2,306.54958402737975,84.2,88.4,1587,382,246,,A,129
265,242.5,84.4,240.7767081167549,84.4,88.4,1587,378,246,,A,129
266,270.35,86.3,268.6870829202235,86.3,91.5,1829,380,282,,A,181
267,305.55,85.1,303.74616594053805,85.1,89.3,1640,384,257,,A,142
268,235.6,84.5,233.82391687482595,84.5,89.4,1587,383,246,,A,129
269,245.26,84.6,242.99966706894338,84.6,88.6,1587,381,246,,A,129
270,233.83,84.6,232.0362909231335,84.6,88.5,1587,382,246,,A,129
271,253.27,86.3,251.7909579910338,86.3,91.6,1830,381,283,,A,182
272,232.89,84.4,231.01000022143126,84.4,88.5,1587,383,246,,A,129
273,247.67,84.3,245.33370789140463,84.3,88.2,1587,383,246,,A,129
274,292.2,84.3,290.0809170678258,84.3,88.3,1586,382,245,,A,128
275,233.83,84.3,231.70291678979993,84.3,88.5,1587,382,246,,A,129
276,233.04,84.4,231.16224980913103,84.4,88.5,1586,384,245,,A,128
277,350.68,84.6,348.66825002245605,84.6,88.5,1587,384,246,,A,129
278,294.1,84.4,291.9182910118252,84.4,88.7,1587,381,246,,A,129
279,333.88,84.5,331.8175410386175,84.5,88.4,1587,380,246,,A,129
280,234.77,84.3,232.49466600827873,84.3,88.8,1587,381,246,,A,129
281,247.95,84.4,245.89070887304842,84.4,89.1,1587,384,246,,A,129
282,249.93,84.3,248.04975022561848,84.3,88.8,1587,384,246,,A,129
283,244.62,84.3,242.74795805104077,84.3,88.4,1587,382,246,,A,129
284,241.32,85.2,239.82037510722876,85.2,89.5,1640,384,257,,A,142
285,232.0,84.5,230.59525014832616,84.5,88.5,1587,383,246,,A,129
286,256.32,84.3,254.3882499448955,84.3,88.5,1587,381,246,,A,129
287,240.26,84.5,238.08645899407566,84.5,88.5,1587,384,246,,A,129
288,290.93,86.2,288.8162089511752,86.2,90.3,1829,382,282,,A,181
289,307.69,84.7,305.81520800478756,84.7,88.7,1587,381,246,,A,129
290,236.92,85.9,234.792249975726,85.9,90.0,1829,380,282,,A,181
291,232.65,84.2,230.4998750332743,84.2,88.1,1586,377,245,,A,128
292,309.03,86.0,307.216125074774,86.0,90.0,1829,379,282,,A,181
293,234.4,84.4,232.13541600853205,84.4,88.5,1587,382,246,,A,129
294,307.18,86.2,305.0317501183599,86.2,90.6,1830,382,283,,A,182
295,318.87,84.4,316.82345806621015,84.4,88.6,1587,382,246,,A,129
296,244.52,84.5,242.52316704951227,84.5,88.5,1587,384,246,,A,129
297,304.79,84.5,302.7093750424683,84.5,88.6,1587,381,246,,A,129
298,369.49,84.5,367.44220880791545,84.5,88.6,1587,381,246,,A,129
299,245.11,84.4,243.08729195035994,84.4,88.8,1587,383,246,,A,129
