i,dns_ms,tcp_ms,tls_ms,ttfb_ms,total_ms,http
1,2.67,7.98,14.36,64.62,64.77,404
2,4.06,7.79,12.01,43.91,44.05,404
3,2.38,12.50,13.68,41.84,41.96,404
4,3.69,6.53,14.87,44.54,44.68,404
5,3.83,7.05,15.76,40.35,40.47,404
6,2.97,6.70,12.97,42.18,42.33,404
7,3.75,7.46,13.27,37.03,37.15,404
8,3.66,6.61,19.06,47.33,47.48,404
9,3.58,13.59,13.51,43.20,43.30,404
10,3.79,7.59,13.01,47.86,47.99,404
11,3.17,7.28,13.05,38.97,39.11,404
12,3.77,10.89,12.17,43.28,43.45,404
13,3.81,11.08,13.39,42.40,42.53,404
14,2.84,7.12,15.32,38.40,38.53,404
15,3.74,7.49,16.58,40.05,40.18,404
16,3.87,7.26,12.44,46.71,46.85,404
17,2.29,12.01,12.08,40.17,40.29,404
18,4.13,7.25,14.76,39.59,39.70,404
19,2.74,7.02,16.92,40.15,40.28,404
20,3.83,7.49,13.29,38.15,38.25,404
21,3.69,7.21,13.02,35.06,35.18,404
22,3.80,13.90,17.91,53.26,53.41,404
23,4.02,10.69,13.23,43.94,44.07,404
24,2.51,7.32,15.07,39.11,39.23,404
25,3.95,10.78,12.73,46.03,46.15,404
26,3.65,11.95,12.48,42.61,42.73,404
27,3.80,6.38,12.04,39.47,39.59,404
28,3.51,7.23,12.29,32.24,32.36,404
29,4.01,6.97,14.04,38.64,38.78,404
30,4.50,6.76,14.69,46.88,47.00,404
31,3.66,7.24,16.12,40.49,40.62,404
32,4.08,6.71,12.07,35.03,35.18,404
33,4.10,6.99,13.79,37.97,38.14,404
34,4.29,9.42,12.05,38.66,38.78,404
35,3.84,8.14,13.91,41.30,41.45,404
36,4.18,7.47,11.87,40.30,40.42,404
37,3.59,12.10,13.91,44.70,44.83,404
38,4.16,11.43,14.96,46.97,47.09,404
39,3.80,10.82,17.44,45.42,45.57,404
40,4.12,6.82,32.90,54.10,54.23,404
41,3.30,9.11,12.21,48.66,48.79,404
42,3.24,7.37,13.38,36.39,36.51,404
43,4.00,7.21,12.71,36.27,36.42,404
44,2.77,8.04,14.94,38.28,38.41,404
45,4.61,6.89,11.92,40.43,40.55,404
46,3.49,6.99,14.54,43.15,43.26,404
47,3.85,8.09,14.70,42.07,42.20,404
48,4.12,7.25,14.55,38.09,38.23,404
49,3.83,6.95,13.61,39.96,40.08,404
50,2.38,6.84,14.09,35.71,35.84,404
